-- Populate

INSERT INTO ACCOUNT (id, email, name, password, description, age)
VALUES
  (1,"id@outlook.edu","Alexander Mccormick","MRS20KYI7ST","aliquet vel, vulputate eu, odio. Phasellus at augue id ante dictum cursus.",38),
  (2,"ante.ipsum@icloud.org","Tobias Rodriquez","YEK65KFW7BP","enim diam vel arcu. Curabitur ut odio vel est tempor bibendum. Donec felis orci, adipiscing",18),
  (3,"purus.ac@aol.org","Clark Franklin","JSZ36EKV3JZ","nascetur ridiculus mus. Aenean eget magna. Suspendisse tristique neque venenatis lacus. Etiam bibendum fermentum metus. Aenean sed pede nec ante",53),
  (4,"iaculis.lacus@outlook.couk","Inez Hopper","EKI16OVT3BM","Cras sed leo. Cras vehicula aliquet libero. Integer in magna. Phasellus dolor elit, pellentesque a, facilisis non, bibendum sed,",54),
  (5,"egestas@yahoo.ca","Lani Herrera","SIB97GJS2YR","rhoncus id, mollis nec, cursus a, enim. Suspendisse aliquet, sem ut cursus luctus, ipsum",61),
  (6,"in.tempus.eu@outlook.edu","Wade Hayden","SOL48VUV5TP","lacus pede sagittis augue, eu tempor erat neque non quam. Pellentesque habitant morbi tristique",55),
  (7,"venenatis.a.magna@protonmail.org","Omar Bennett","MQT91UYB8VH","tellus sem mollis dui, in sodales elit erat vitae risus. Duis a mi fringilla mi lacinia mattis. Integer eu lacus.",22),
  (8,"urna.nec@hotmail.net","Adele Mullen","EOP57KON1EQ","mauris ut mi. Duis risus odio, auctor vitae, aliquet nec, imperdiet nec,",25),
  (9,"magna.et@yahoo.net","Madonna Norris","TYA06JDA1ML","neque. Nullam ut nisi a odio semper cursus. Integer mollis. Integer tincidunt aliquam arcu. Aliquam ultrices",22),
  (10,"vitae.sodales@google.org","Fay Frye","HSN72HDW2WL","aliquam iaculis, lacus pede sagittis augue, eu tempor erat neque",44);
  (11,"ipsum@hotmail.ca","Vernon Molina","ESR28LBN4ZI","Aliquam ultrices iaculis odio. Nam interdum enim non nisi. Aenean eget metus. In nec orci. Donec nibh. Quisque nonummy ipsum",48),
  (12,"consequat.lectus@aol.edu","Dacey Christian","ISV60NYT4UP","urna et arcu imperdiet ullamcorper. Duis at lacus. Quisque purus sapien, gravida",63),
  (13,"integer.mollis.integer@outlook.org","Aspen Giles","OYQ10OHT7WC","dictum. Proin eget odio. Aliquam vulputate ullamcorper magna. Sed eu eros. Nam consequat dolor vitae dolor. Donec fringilla. Donec",50),
  (14,"lobortis.nisi@yahoo.net","Cherokee Kinney","MGJ02MEM6BE","Donec sollicitudin adipiscing ligula. Aenean gravida nunc sed pede. Cum sociis natoque penatibus",57),
  (15,"dolor.fusce@protonmail.couk","Knox Brock","YYT66VNE1BN","odio, auctor vitae, aliquet nec, imperdiet nec, leo. Morbi neque tellus, imperdiet non, vestibulum nec, euismod",59),
  (16,"dictum@google.net","Mara Farrell","OOU59HHV3TN","neque. Sed eget lacus. Mauris non dui nec urna suscipit nonummy. Fusce fermentum fermentum arcu. Vestibulum ante ipsum",56),
  (17,"dictum.proin@outlook.ca","Macy Dorsey","CLC05VIM3MH","Donec egestas. Aliquam nec enim. Nunc ut erat. Sed nunc est, mollis non, cursus non,",29),
  (18,"cras.eget.nisi@icloud.net","Kareem Walton","YWO33UMQ2VE","nisl sem, consequat nec, mollis vitae, posuere at, velit. Cras lorem lorem, luctus ut, pellentesque eget, dictum placerat, augue.",54),
  (19,"quisque@protonmail.edu","Linda Mason","MSP83ZIE3KT","erat vel pede blandit congue. In scelerisque scelerisque dui. Suspendisse ac metus vitae",39),
  (20,"ante@icloud.com","Mason Jennings","LEB45QFV5VW","nunc. In at pede. Cras vulputate velit eu sem. Pellentesque ut ipsum ac mi eleifend egestas.",35);
  (21,"mauris@outlook.org","Chaney Tillman","KQX85MQG8PT","Cras lorem lorem, luctus ut, pellentesque eget, dictum placerat, augue. Sed molestie. Sed id risus quis",35),
  (22,"integer.tincidunt.aliquam@aol.edu","Ferris Davenport","ZWN52EII4KW","nibh. Phasellus nulla. Integer vulputate, risus a ultricies adipiscing, enim",37),
  (23,"lacus.etiam@aol.ca","Palmer Barber","RNB59DHM0KF","consequat enim diam vel arcu. Curabitur ut odio vel est tempor bibendum. Donec felis orci, adipiscing non, luctus sit",44),
  (24,"nisi.nibh@yahoo.ca","Hammett Wall","UNM44MFJ1YU","sed dolor. Fusce mi lorem, vehicula et, rutrum eu, ultrices sit amet, risus.",44),
  (25,"turpis.nec.mauris@aol.edu","Evan Davidson","IAE82FXL5LU","magna. Sed eu eros. Nam consequat dolor vitae dolor. Donec fringilla. Donec",42),
  (26,"consequat.purus@aol.couk","Lamar Beck","DDV67EFE6VQ","dui. Suspendisse ac metus vitae velit egestas lacinia. Sed congue, elit sed consequat auctor, nunc nulla",64),
  (27,"neque@yahoo.couk","Susan Payne","IFI95EZX3SF","quam dignissim pharetra. Nam ac nulla. In tincidunt congue turpis. In",20),
  (28,"dapibus.id@yahoo.ca","Fitzgerald Cleveland","MRJ75HRH2YJ","odio. Nam interdum enim non nisi. Aenean eget metus. In nec orci. Donec",25),
  (29,"massa.suspendisse.eleifend@yahoo.com","Latifah Beasley","LZJ89VVG4UR","in aliquet lobortis, nisi nibh lacinia orci, consectetuer euismod est arcu ac",51),
  (30,"sem.mollis.dui@google.ca","Quon Romero","HFQ41NBI3WY","Mauris magna. Duis dignissim tempor arcu. Vestibulum ut eros non enim commodo hendrerit. Donec porttitor",19);
  (31,"urna.nullam@yahoo.couk","Gannon Cook","NXS84NBT2FH","non, vestibulum nec, euismod in, dolor. Fusce feugiat. Lorem ipsum dolor sit amet, consectetuer adipiscing elit.",49),
  (32,"augue.eu@google.couk","Harrison Carroll","WLM90XNJ4CF","imperdiet ullamcorper. Duis at lacus. Quisque purus sapien, gravida non, sollicitudin a, malesuada id, erat. Etiam vestibulum massa rutrum",54),
  (33,"curabitur.consequat@yahoo.net","Myra Moses","APG16LGR3HK","eget tincidunt dui augue eu tellus. Phasellus elit pede, malesuada vel, venenatis vel, faucibus id,",63),
  (34,"sem.semper@icloud.net","Kelly Reynolds","QZM67SCJ6LB","tellus non magna. Nam ligula elit, pretium et, rutrum non, hendrerit id, ante.",38),
  (35,"augue.malesuada@google.org","Porter Burns","FON06WAO6HP","sodales purus, in molestie tortor nibh sit amet orci. Ut sagittis lobortis mauris. Suspendisse aliquet molestie tellus. Aenean",49),
  (36,"lacinia.orci@outlook.net","Drake Jennings","KMJ13XJB8FX","et, lacinia vitae, sodales at, velit. Pellentesque ultricies dignissim lacus. Aliquam rutrum lorem ac risus. Morbi metus. Vivamus",65),
  (37,"ante.bibendum@yahoo.couk","Yael Gentry","BJS21FOC7NP","metus. Aliquam erat volutpat. Nulla facilisis. Suspendisse commodo tincidunt nibh. Phasellus nulla. Integer vulputate,",48),
  (38,"lobortis.ultrices@yahoo.org","Echo Brock","XFC80CWF2CY","conubia nostra, per inceptos hymenaeos. Mauris ut quam vel sapien imperdiet",56),
  (39,"sapien.imperdiet@protonmail.ca","Yuri Wolf","WEF44FGV4PT","et libero. Proin mi. Aliquam gravida mauris ut mi. Duis risus odio, auctor vitae,",60),
  (40,"cras@outlook.org","Joelle Golden","TMJ48YRL8OO","mollis. Phasellus libero mauris, aliquam eu, accumsan sed, facilisis vitae, orci.",63);
  (41,"quam.elementum.at@google.couk","Quamar Reed","IXE84QCT6CX","egestas. Sed pharetra, felis eget varius ultrices, mauris ipsum porta elit, a feugiat tellus lorem eu metus. In",46),
  (42,"bibendum.ullamcorper@outlook.net","Boris Conley","CRB27VDL7PG","nunc est, mollis non, cursus non, egestas a, dui. Cras pellentesque. Sed dictum. Proin eget",52),
  (43,"lobortis.mauris@yahoo.ca","Kirsten Perkins","DXO23MFX1CH","leo elementum sem, vitae aliquam eros turpis non enim. Mauris quis turpis vitae purus gravida sagittis.",58),
  (44,"iaculis.nec@hotmail.edu","Marshall Lester","QPO55EEZ9UX","mi fringilla mi lacinia mattis. Integer eu lacus. Quisque imperdiet, erat nonummy ultricies ornare,",32),
  (45,"consectetuer@hotmail.ca","Stephanie Berg","NTY96FCJ3NQ","nulla vulputate dui, nec tempus mauris erat eget ipsum. Suspendisse sagittis. Nullam vitae diam. Proin dolor. Nulla semper",36),
  (46,"et.magnis.dis@yahoo.org","Connor Bradford","BWC82QDJ3ZH","quis, pede. Praesent eu dui. Cum sociis natoque penatibus et magnis dis parturient montes, nascetur ridiculus",55),
  (47,"suscipit.nonummy.fusce@yahoo.com","Rhonda Harding","DOR85UXT2QN","enim, gravida sit amet, dapibus id, blandit at, nisi. Cum sociis natoque",58),
  (48,"varius.ultrices@hotmail.couk","Samuel Britt","XQO23TAT2DX","malesuada vel, venenatis vel, faucibus id, libero. Donec consectetuer mauris id sapien.",26),
  (49,"sollicitudin@icloud.org","Melodie Dunn","OKF45IRC1CT","vitae semper egestas, urna justo faucibus lectus, a sollicitudin orci sem eget massa.",37),
  (50,"auctor.vitae.aliquet@google.net","Lilah Haley","CSV32EMD8YX","Maecenas libero est, congue a, aliquet vel, vulputate eu, odio. Phasellus at augue id ante dictum cursus. Nunc mauris",40);
  (51,"urna@hotmail.org","Maya Fuller","RVL05APT2BW","a sollicitudin orci sem eget massa. Suspendisse eleifend. Cras sed leo. Cras vehicula aliquet libero. Integer in magna.",33),
  (52,"vulputate.nisi@yahoo.org","Vera Duffy","MDN65RPG1NH","Quisque tincidunt pede ac urna. Ut tincidunt vehicula risus. Nulla",50),
  (53,"vulputate.posuere.vulputate@icloud.com","Anthony Barnes","YTO46IGR8KM","aliquet nec, imperdiet nec, leo. Morbi neque tellus, imperdiet non, vestibulum nec, euismod in, dolor. Fusce feugiat. Lorem",21),
  (54,"sociis.natoque.penatibus@outlook.org","Solomon Flynn","ODA37DDN2CZ","non, hendrerit id, ante. Nunc mauris sapien, cursus in, hendrerit consectetuer, cursus et, magna. Praesent interdum ligula eu enim. Etiam",32),
  (55,"ullamcorper.nisl@google.edu","Amal Hensley","GLD32JSM0VG","ultrices iaculis odio. Nam interdum enim non nisi. Aenean eget metus. In nec orci. Donec nibh. Quisque nonummy",62),
  (56,"pede.blandit@icloud.couk","Holly Sellers","NGC36OGH3VC","elit fermentum risus, at fringilla purus mauris a nunc. In at pede. Cras vulputate velit eu sem.",21),
  (57,"non.dui@yahoo.net","Sylvia Melton","MFE97MIS1EU","Nam consequat dolor vitae dolor. Donec fringilla. Donec feugiat metus sit amet ante. Vivamus non lorem",38),
  (58,"imperdiet.ullamcorper@hotmail.edu","Tamara Stanley","CXL13ORL7LT","elit. Etiam laoreet, libero et tristique pellentesque, tellus sem mollis dui, in sodales elit erat vitae risus.",62),
  (59,"donec.egestas.aliquam@aol.ca","Genevieve Trevino","PVH01SSH1HL","sem egestas blandit. Nam nulla magna, malesuada vel, convallis in, cursus et,",30),
  (60,"velit.aliquam@icloud.edu","Todd Murray","SFS44XKD4QI","placerat, augue. Sed molestie. Sed id risus quis diam luctus lobortis. Class aptent taciti sociosqu ad litora",38);
  (61,"ante.nunc.mauris@hotmail.edu","Iris Cochran","DQV14PVU4CD","in aliquet lobortis, nisi nibh lacinia orci, consectetuer euismod est arcu ac orci. Ut semper pretium neque. Morbi quis",59),
  (62,"neque.morbi.quis@protonmail.ca","Jacob Chambers","HBE89ZVG6ME","fringilla est. Mauris eu turpis. Nulla aliquet. Proin velit. Sed malesuada augue ut lacus. Nulla tincidunt, neque vitae semper egestas,",22),
  (63,"quam.curabitur.vel@icloud.net","Hilda Hodges","PEZ31POP3ZT","a, scelerisque sed, sapien. Nunc pulvinar arcu et pede. Nunc sed",42),
  (64,"quam.vel@aol.ca","Gary Frazier","BKG43DZM1NF","semper et, lacinia vitae, sodales at, velit. Pellentesque ultricies dignissim lacus.",45),
  (65,"id.sapien.cras@outlook.edu","Veronica Head","JBH75NDR8YX","nisl arcu iaculis enim, sit amet ornare lectus justo eu arcu. Morbi sit amet",25),
  (66,"malesuada.vel@aol.edu","Kai Lester","EVL68CCQ1YL","dictum mi, ac mattis velit justo nec ante. Maecenas mi felis, adipiscing fringilla,",40),
  (67,"pede.ultrices@google.com","Raven Stark","ARZ11BVT1BT","Integer tincidunt aliquam arcu. Aliquam ultrices iaculis odio. Nam interdum enim non",43),
  (68,"et.risus@aol.couk","Irene Hickman","FMJ23BJQ6IA","aliquet. Phasellus fermentum convallis ligula. Donec luctus aliquet odio. Etiam ligula tortor, dictum eu, placerat eget, venenatis a, magna.",33),
  (69,"odio@hotmail.edu","Mariam Franco","VCV36VHX7VR","eu tellus eu augue porttitor interdum. Sed auctor odio a purus. Duis",58),
  (70,"metus@icloud.net","Emmanuel Lindsay","XAG12JVQ7SJ","elit, dictum eu, eleifend nec, malesuada ut, sem. Nulla interdum. Curabitur dictum. Phasellus in",64);
  (71,"libero.lacus@outlook.net","Paula Britt","MJQ17GOC3ZX","blandit enim consequat purus. Maecenas libero est, congue a, aliquet vel, vulputate eu,",63),
  (72,"ut.nisi@outlook.org","Lionel Guerrero","LKX42LHG9QM","lectus, a sollicitudin orci sem eget massa. Suspendisse eleifend. Cras sed leo. Cras vehicula aliquet libero. Integer",64),
  (73,"mattis@icloud.com","Boris Grant","FFJ31OWW8QG","Quisque porttitor eros nec tellus. Nunc lectus pede, ultrices a, auctor non, feugiat nec, diam. Duis mi",35),
  (74,"non.enim@icloud.org","Harriet Montgomery","OIW36UJT6XE","vel turpis. Aliquam adipiscing lobortis risus. In mi pede, nonummy ut, molestie in, tempus eu, ligula. Aenean euismod mauris",61),
  (75,"lectus.rutrum@aol.com","Rae Slater","HAR54DKA5CL","venenatis lacus. Etiam bibendum fermentum metus. Aenean sed pede nec ante blandit viverra. Donec tempus,",64),
  (76,"nunc.ac@icloud.edu","Mira Arnold","RNV37OHB4NV","metus. In lorem. Donec elementum, lorem ut aliquam iaculis, lacus pede",48),
  (77,"montes@protonmail.ca","Giacomo Booth","CJE41UCK3EJ","Duis cursus, diam at pretium aliquet, metus urna convallis erat, eget tincidunt dui augue",32),
  (78,"ac.tellus@yahoo.com","Berk Ewing","ECA42TUT2JY","Quisque fringilla euismod enim. Etiam gravida molestie arcu. Sed eu nibh vulputate mauris sagittis placerat. Cras",42),
  (79,"in.sodales@yahoo.ca","Cyrus Gates","YNL84IDU2QC","cursus purus. Nullam scelerisque neque sed sem egestas blandit. Nam nulla magna, malesuada vel, convallis",24),
  (80,"nulla@icloud.com","Brynn Reynolds","KBA21JAU9DM","lacus. Aliquam rutrum lorem ac risus. Morbi metus. Vivamus euismod urna. Nullam lobortis quam a felis ullamcorper viverra. Maecenas iaculis",64);
  (81,"mattis.integer@outlook.ca","Eaton Black","HTS38MBB4SP","eleifend non, dapibus rutrum, justo. Praesent luctus. Curabitur egestas nunc sed libero. Proin sed turpis nec mauris",63),
  (82,"convallis.in@icloud.com","Marshall Mcmillan","RCL68ZEG7PC","pede ac urna. Ut tincidunt vehicula risus. Nulla eget metus eu erat semper rutrum. Fusce dolor quam, elementum at,",58),
  (83,"metus.eu.erat@protonmail.com","Gillian Montgomery","YJE44DFS5NQ","ante, iaculis nec, eleifend non, dapibus rutrum, justo. Praesent luctus. Curabitur egestas nunc sed libero. Proin sed",49),
  (84,"sed.id@hotmail.ca","Piper Cardenas","CLP46JVC6IW","Donec egestas. Aliquam nec enim. Nunc ut erat. Sed nunc est, mollis non, cursus non,",55),
  (85,"sagittis.duis@yahoo.net","Troy Cortez","WYF59SRI6ME","lectus. Cum sociis natoque penatibus et magnis dis parturient montes, nascetur ridiculus mus. Donec dignissim magna",20),
  (86,"sed@protonmail.net","Wesley Espinoza","LGH23RCG0OY","sed dictum eleifend, nunc risus varius orci, in consequat enim diam vel",30),
  (87,"tincidunt.aliquam@yahoo.org","Grace Christensen","SEN83UVG6ZO","at risus. Nunc ac sem ut dolor dapibus gravida. Aliquam tincidunt, nunc ac mattis ornare, lectus ante",21),
  (88,"velit.justo@icloud.net","Lionel Harding","FIV78LOW2LX","amet, consectetuer adipiscing elit. Aliquam auctor, velit eget laoreet posuere, enim nisl elementum purus, accumsan interdum libero",24),
  (89,"elit.a@google.org","Brenden Mcfadden","KOH55HYN2AP","Morbi quis urna. Nunc quis arcu vel quam dignissim pharetra. Nam ac nulla. In tincidunt congue turpis.",20),
  (90,"donec@icloud.org","Jelani Valenzuela","UGD08INY4LB","aliquam adipiscing lacus. Ut nec urna et arcu imperdiet ullamcorper. Duis at lacus. Quisque purus sapien, gravida non, sollicitudin",38);
  (91,"volutpat.ornare@aol.edu","Delilah Hurst","PXF21JRN5XC","Etiam bibendum fermentum metus. Aenean sed pede nec ante blandit viverra. Donec tempus, lorem fringilla ornare",59),
  (92,"nisl.arcu.iaculis@google.org","Edan Hodge","CHF83HEI8OK","ullamcorper magna. Sed eu eros. Nam consequat dolor vitae dolor. Donec fringilla. Donec feugiat",38),
  (93,"facilisis@protonmail.com","Lilah Sharpe","MDR22AJE5ZD","at, velit. Cras lorem lorem, luctus ut, pellentesque eget, dictum placerat, augue.",64),
  (94,"urna.vivamus@icloud.com","Kylynn Bailey","XMK78TSI3EI","vitae, posuere at, velit. Cras lorem lorem, luctus ut, pellentesque eget, dictum placerat, augue. Sed molestie. Sed id risus",18),
  (95,"aliquam@yahoo.couk","Michael Gamble","DWT64WRQ0YD","Nulla eu neque pellentesque massa lobortis ultrices. Vivamus rhoncus. Donec est. Nunc ullamcorper, velit",54),
  (96,"sed.nec.metus@outlook.org","Isaiah Munoz","JRK66IDU3SC","imperdiet non, vestibulum nec, euismod in, dolor. Fusce feugiat. Lorem",48),
  (97,"pellentesque.massa@yahoo.com","Bruno Kramer","QQL12HFZ7CA","Sed nunc est, mollis non, cursus non, egestas a, dui. Cras pellentesque. Sed dictum. Proin eget odio. Aliquam vulputate",56),
  (98,"sit.amet.metus@outlook.couk","Donna Olsen","RRH84SQE4UW","nunc sed libero. Proin sed turpis nec mauris blandit mattis. Cras eget nisi",62),
  (99,"felis.donec.tempor@icloud.couk","Nicole Williams","OGH87PGM6DC","a sollicitudin orci sem eget massa. Suspendisse eleifend. Cras sed leo. Cras vehicula aliquet libero.",61),
  (100,"quis.lectus@google.com","Sierra Webb","EWD06GOK4JK","nonummy ut, molestie in, tempus eu, ligula. Aenean euismod mauris eu elit. Nulla facilisi. Sed neque. Sed eget lacus. Mauris",25);


INSERT INTO ADMINISTRATOR (id, account_id)
VALUES
  (1,49),
  (2,14),
  (3,86),
  (4,64),
  (5,96),
  (6,50),
  (7,48),
  (8,2),
  (9,75),
  (10,51);
  

  INSERT INTO USER (id, account_id)
VALUES
  (1,1),
  (3,3),
  (4,4),
  (5,5),
  (6,6),
  (7,7),
  (8,8),
  (9,9),
  (10,10);
  (11,11),
  (12,12),
  (13,13),
  (15,15),
  (16,16),
  (17,17),
  (18,18),
  (19,19),
  (20,20);
  (21,21),
  (22,22),
  (23,23),
  (24,24),
  (25,25),
  (26,26),
  (27,27),
  (28,28),
  (29,29),
  (30,30);
  (31,31),
  (32,32),
  (33,33),
  (34,34),
  (35,35),
  (36,36),
  (37,37),
  (38,38),
  (39,39),
  (40,40);
  (41,41),
  (42,42),
  (43,43),
  (44,44),
  (45,45),
  (46,46),
  (47,47),
  (52,52),
  (53,53),
  (54,54),
  (55,55),
  (56,56),
  (57,57),
  (58,58),
  (59,59),
  (60,60);
  (61,61),
  (62,62),
  (63,63),
  (65,65),
  (66,66),
  (67,67),
  (68,68),
  (69,69),
  (70,70);
  (71,71),
  (72,72),
  (73,73),
  (74,74),
  (76,76),
  (77,77),
  (78,78),
  (79,79),
  (80,80);
  (81,81),
  (82,82),
  (83,83),
  (84,84),
  (85,85),
  (87,87),
  (88,88),
  (89,89),
  (90,90);
  (91,91),
  (92,92),
  (93,93),
  (94,94),
  (95,95),
  (97,97),
  (98,98),
  (99,99),
  (100,100);


  INSERT INTO EVENTS (id,name,description,start_date,end_date,location,capacity,privacy)
VALUES
  (1,'eu dolor egestas rhoncus. Proin nisl sem, consequat','In lorem. Donec elementum, lorem ut aliquam iaculis, lacus pede sagittis augue, eu tempor erat neque non quam.','25-10-21','13-11-21','P.O. Box 737, 2366 Diam Av.',417,'Private'),
  (2,'magnis dis parturient montes, nascetur ridiculus','tellus. Aenean egestas hendrerit neque. In ornare sagittis felis. Donec tempor, est ac mattis semper, dui lectus rutrum urna, nec luctus felis purus ac tellus. Suspendisse sed dolor. Fusce mi lorem, vehicula et, rutrum eu, ultrices sit amet,','22-10-21','20-11-21','Ap #415-6093 Eget Street',380,'Public'),
  (3,'senectus et netus et','congue. In scelerisque scelerisque dui. Suspendisse ac metus vitae velit egestas lacinia. Sed congue, elit sed consequat auctor, nunc nulla vulputate dui, nec tempus mauris erat eget ipsum. Suspendisse sagittis. Nullam vitae diam. Proin dolor. Nulla semper tellus id','18-10-21','23-11-21','1448 Ac, Av.',204,'Public'),
  (4,'elit sed consequat auctor, nunc','sodales elit erat vitae risus. Duis a mi fringilla mi lacinia mattis. Integer eu lacus. Quisque imperdiet,','21-10-21','08-11-21','883-8470 Magna Av.',58,'Public'),
  (5,'amet, consectetuer adipiscing elit. Etiam laoreet,','Cras vehicula aliquet libero. Integer in magna. Phasellus dolor elit, pellentesque a, facilisis non, bibendum sed, est. Nunc','25-10-21','02-11-21','190-3930 Cum St.',204,'Private'),
  (6,'non sapien molestie orci tincidunt adipiscing. Mauris','Cras interdum. Nunc sollicitudin commodo ipsum. Suspendisse non leo. Vivamus nibh dolor, nonummy ac, feugiat non, lobortis quis, pede. Suspendisse dui. Fusce diam nunc, ullamcorper eu, euismod ac, fermentum vel,','19-10-21','07-11-21','Ap #812-8492 Cum Road',355,'Public'),
  (7,'Sed malesuada augue ut','lobortis risus. In mi pede, nonummy ut, molestie in, tempus eu, ligula. Aenean euismod mauris eu elit. Nulla facilisi. Sed neque. Sed eget lacus.','28-10-21','13-11-21','249-9537 Eget, Avenue',324,'Public'),
  (8,'vehicula aliquet libero. Integer in magna.','consequat, lectus sit amet luctus vulputate, nisi sem semper erat, in consectetuer ipsum nunc id enim. Curabitur massa. Vestibulum accumsan neque et nunc. Quisque ornare','21-10-21','22-11-21','757-8707 Mi. Ave',361,'Public'),
  (9,'arcu. Curabitur ut','euismod ac, fermentum vel, mauris. Integer sem elit, pharetra ut, pharetra sed, hendrerit a, arcu. Sed et libero. Proin mi. Aliquam gravida mauris ut mi. Duis risus odio, auctor vitae, aliquet','26-10-21','17-11-21','Ap #257-9182 Sapien. Ave',274,'Public'),
  (10,'augue scelerisque mollis.','sit amet ornare lectus justo eu arcu. Morbi sit amet massa. Quisque porttitor eros nec tellus. Nunc lectus pede, ultrices a, auctor non, feugiat nec,','23-10-21','13-11-21','246-6797 Pharetra, Road',475,'Private'),
  (11,'dolor. Quisque tincidunt pede ac','metus vitae velit egestas lacinia. Sed congue, elit sed consequat auctor, nunc nulla vulputate dui, nec tempus mauris erat eget ipsum. Suspendisse sagittis. Nullam vitae','23-10-21','24-11-21','5716 Augue St.',364,'Private'),
  (12,'risus. Donec egestas. Aliquam nec enim.','mollis. Duis sit amet diam eu dolor egestas rhoncus. Proin nisl sem, consequat nec, mollis vitae, posuere at, velit. Cras','26-10-21','06-11-21','123-8901 Lacus. Av.',73,'Public'),
  (13,'pede, nonummy ut, molestie','Donec vitae erat vel pede blandit congue. In scelerisque scelerisque dui. Suspendisse ac metus vitae velit egestas lacinia. Sed congue,','23-10-21','18-11-21','Ap #886-3769 Ligula Av.',493,'Private'),
  (14,'magna. Suspendisse tristique','et ultrices posuere cubilia Curae Donec tincidunt. Donec vitae erat vel pede blandit congue. In scelerisque scelerisque dui. Suspendisse ac metus vitae velit egestas lacinia. Sed congue, elit sed consequat auctor, nunc','24-10-21','19-11-21','P.O. Box 132, 259 Lorem Street',474,'Public'),
  (15,'viverra. Donec tempus, lorem','at, iaculis quis, pede. Praesent eu dui. Cum sociis natoque penatibus et magnis dis parturient montes, nascetur ridiculus mus. Aenean eget magna. Suspendisse tristique neque venenatis lacus. Etiam bibendum fermentum metus.','30-10-21','04-11-21','575-1718 Orci Ave',89,'Public'),
  (16,'velit justo nec','ante lectus convallis est, vitae sodales nisi magna sed dui. Fusce aliquam, enim nec tempus scelerisque, lorem','28-10-21','19-11-21','491-4933 Quis Avenue',59,'Public'),
  (17,'sollicitudin a, malesuada id, erat. Etiam vestibulum','cursus vestibulum. Mauris magna. Duis dignissim tempor arcu. Vestibulum ut eros non enim commodo hendrerit. Donec porttitor tellus non magna. Nam ligula elit, pretium et, rutrum non, hendrerit id, ante. Nunc mauris sapien, cursus in,','31-10-21','15-11-21','Ap #103-5435 Aliquam Road',326,'Public'),
  (18,'quis, tristique ac, eleifend vitae,','ipsum porta elit, a feugiat tellus lorem eu metus. In lorem. Donec elementum, lorem ut aliquam iaculis, lacus pede sagittis augue, eu','30-10-21','22-11-21','Ap #265-3578 Cum St.',299,'Public'),
  (19,'pede. Cras vulputate velit','ut nisi a odio semper cursus. Integer mollis. Integer tincidunt aliquam arcu. Aliquam ultrices iaculis odio. Nam interdum enim non nisi. Aenean eget metus. In nec orci. Donec nibh. Quisque nonummy ipsum','22-10-21','03-11-21','P.O. Box 670, 4409 Neque. Street',86,'Private'),
  (20,'condimentum. Donec at arcu. Vestibulum','faucibus orci luctus et ultrices posuere cubilia Curae Phasellus ornare. Fusce mollis. Duis sit amet diam eu dolor egestas rhoncus. Proin nisl sem, consequat nec, mollis vitae, posuere at, velit. Cras lorem lorem, luctus ut, pellentesque eget, dictum','19-10-21','02-11-21','806-7720 Litora Ave',205,'Public');



INSERT INTO MANAGER (id,account_id,event_id)
VALUES
  (1,45,1),
  (2,98,2),
  (3,16,3),
  (4,59,4),
  (5,83,5),
  (6,39,6),
  (7,79,7),
  (8,19,8),
  (9,45,9),
  (10,14,10),
  (11,71,11),
  (12,83,12),
  (13,5,13),
  (14,76,14),
  (15,88,15),
  (16,87,16),
  (17,98,17),
  (18,3,18),
  (19,92,19),
  (20,58,20);


INSERT INTO TAG (id,name)
VALUES
  (1,'diam.'),
  (2,'Nullam'),
  (3,'Mauris'),
  (4,'ligula.'),
  (5,'in,'),
  (6,'iaculis'),
  (7,'dui.'),
  (8,'orci,'),
  (9,'ac'),
  (10,'et,'),
  (11,'sapien,'),
  (12,'tempor'),
  (13,'elit'),
  (14,'Ut'),
  (15,'egestas.'),
  (16,'eget'),
  (17,'In'),
  (18,'Donec'),
  (19,'Vivamus'),
  (20,'urna.');


INSERT INTO EventTag (id,event_id,tag_id)
VALUES
  (1,2,3),
  (2,18,4),
  (3,5,13),
  (4,13,4),
  (5,11,10),
  (6,10,17),
  (7,11,15),
  (8,19,5),
  (9,17,6),
  (10,6,7),
  (11,7,2),
  (12,8,15),
  (13,19,16),
  (14,3,11),
  (15,14,4),
  (16,20,11),
  (17,11,7),
  (18,9,8),
  (19,12,12),
  (20,20,16);




